,machine_id,product_id,quality
0,Printer F0815,P3.2.500,OK
1,Printer F0815,P3.2.501,OK
2,Printer F0815,P3.2.502,OK
3,Printer F0815,P3.2.503,OK
4,Printer F0815,P3.2.504,OK
5,Printer F0815,P3.2.505,OK
6,Printer F0815,P3.2.506,OK
7,Printer F0815,P3.2.507,OK
8,Printer F0815,P3.2.508,OK
9,Printer F0815,P3.2.509,OK
10,Printer F0815,P3.2.510,OK
11,Printer F0815,P3.2.511,OK
12,Printer F0815,P3.2.512,OK
13,Printer F0815,P3.2.513,OK
14,Printer F0815,P3.2.514,OK
15,Printer F0815,P3.2.515,OK
16,Printer F0815,P3.2.516,OK
17,Printer F0815,P3.2.517,OK
18,Printer F0815,P3.2.518,OK
19,Printer F0815,P3.2.519,OK
20,Printer F0815,P3.2.520,OK
21,Printer F0815,P3.2.521,OK
22,Printer F0815,P3.2.522,OK
23,Printer F0815,P3.2.523,OK
24,Printer F0815,P3.2.524,OK
25,Printer F0815,P3.2.525,OK
26,Printer F0815,P3.2.526,OK
27,Printer F0815,P3.2.527,OK
28,Printer F0815,P3.2.528,OK
29,Printer F0815,P3.2.529,OK
30,Printer F0815,P3.2.530,OK
31,Printer F0815,P3.2.531,OK
32,Printer F0815,P3.2.532,OK
33,Printer F0815,P3.2.533,OK
34,Printer F0815,P3.2.534,OK
35,Printer F0815,P3.2.535,OK
36,Printer F0815,P3.2.536,OK
37,Printer F0815,P3.2.537,OK
38,Printer F0815,P3.2.538,OK
39,Printer F0815,P3.2.539,OK
40,Printer F0815,P3.2.540,OK
41,Printer F0815,P3.2.541,OK
42,Printer F0815,P3.2.542,OK
43,Printer F0815,P3.2.543,OK
44,Printer F0815,P3.2.544,OK
45,Printer F0815,P3.2.545,OK
46,Printer F0815,P3.2.546,OK
47,Printer F0815,P3.2.547,OK
48,Printer F0815,P3.2.548,OK
49,Printer F0815,P3.2.549,OK
50,Printer F0815,P3.2.550,OK
51,Printer F0815,P3.2.551,OK
52,Printer F0815,P3.2.552,OK
53,Printer F0815,P3.2.553,OK
54,Printer F0815,P3.2.554,OK
55,Printer F0815,P3.2.555,OK
56,Printer F0815,P3.2.556,OK
57,Printer F0815,P3.2.557,OK
58,Printer F0815,P3.2.558,OK
59,Printer F0815,P3.2.559,OK
60,Printer F0815,P3.2.560,OK
61,Printer F0815,P3.2.561,OK
62,Printer F0815,P3.2.562,OK
63,Printer F0815,P3.2.563,OK
64,Printer F0815,P3.2.564,OK
65,Printer F0815,P3.2.565,OK
66,Printer F0815,P3.2.566,OK
67,Printer F0815,P3.2.567,OK
68,Printer F0815,P3.2.568,OK
69,Printer F0815,P3.2.569,OK
70,Printer F0815,P3.2.570,OK
71,Printer F0815,P3.2.571,OK
72,Printer F0815,P3.2.572,OK
73,Printer F0815,P3.2.573,OK
74,Printer F0815,P3.2.574,OK
75,Printer F0815,P3.2.575,OK
76,Printer F0815,P3.2.576,OK
77,Printer F0815,P3.2.577,OK
78,Printer F0815,P3.2.578,OK
79,Printer F0815,P3.2.579,OK
80,Printer F0815,P3.2.580,OK
81,Printer F0815,P3.2.581,OK
82,Printer F0815,P3.2.582,OK
83,Printer F0815,P3.2.583,OK
84,Printer F0815,P3.2.584,OK
85,Printer F0815,P3.2.585,OK
86,Printer F0815,P3.2.586,OK
87,Printer F0815,P3.2.587,OK
88,Printer F0815,P3.2.588,OK
89,Printer F0815,P3.2.589,OK
90,Printer F0815,P3.2.590,OK
91,Printer F0815,P3.2.591,OK
92,Printer F0815,P3.2.592,OK
93,Printer F0815,P3.2.593,OK
94,Printer F0815,P3.2.594,OK
95,Printer F0815,P3.2.595,OK
96,Printer F0815,P3.2.596,OK
97,Printer F0815,P3.2.597,OK
98,Printer F0815,P3.2.598,OK
99,Printer F0815,P3.2.599,OK
100,Printer F0815,P3.2.600,OK
101,Printer F0815,P3.2.601,OK
102,Printer F0815,P3.2.602,OK
103,Printer F0815,P3.2.603,OK
104,Printer F0815,P3.2.604,OK
105,Printer F0815,P3.2.605,OK
106,Printer F0815,P3.2.606,OK
107,Printer F0815,P3.2.607,OK
108,Printer F0815,P3.2.608,OK
109,Printer F0815,P3.2.609,OK
110,Printer F0815,P3.2.610,OK
111,Printer F0815,P3.2.611,OK
112,Printer F0815,P3.2.612,OK
113,Printer F0815,P3.2.613,OK
114,Printer F0815,P3.2.614,OK
115,Printer F0815,P3.2.615,OK
116,Printer F0815,P3.2.616,OK
117,Printer F0815,P3.2.617,OK
118,Printer F0815,P3.2.618,OK
119,Printer F0815,P3.2.619,OK
120,Printer F0815,P3.2.620,OK
121,Printer F0815,P3.2.621,OK
122,Printer F0815,P3.2.622,OK
123,Printer F0815,P3.2.623,OK
124,Printer F0815,P3.2.624,OK
125,Printer F0815,P3.2.625,OK
126,Printer F0815,P3.2.626,OK
127,Printer F0815,P3.2.627,OK
128,Printer F0815,P3.2.628,OK
129,Printer F0815,P3.2.629,OK
130,Printer F0815,P3.2.630,OK
131,Printer F0815,P3.2.631,OK
132,Printer F0815,P3.2.632,OK
133,Printer F0815,P3.2.633,OK
134,Printer F0815,P3.2.634,OK
135,Printer F0815,P3.2.635,OK
136,Printer F0815,P3.2.636,OK
137,Printer F0815,P3.2.637,OK
138,Printer F0815,P3.2.638,OK
139,Printer F0815,P3.2.639,OK
140,Printer F0815,P3.2.640,OK
141,Printer F0815,P3.2.641,OK
142,Printer F0815,P3.2.642,OK
143,Printer F0815,P3.2.643,OK
144,Printer F0815,P3.2.644,OK
145,Printer F0815,P3.2.645,OK
146,Printer F0815,P3.2.646,OK
147,Printer F0815,P3.2.647,OK
148,Printer F0815,P3.2.648,OK
149,Printer F0815,P3.2.649,OK
150,Printer F0815,P3.2.650,OK
151,Printer F0815,P3.2.651,OK
152,Printer F0815,P3.2.652,OK
153,Printer F0815,P3.2.653,OK
154,Printer F0815,P3.2.654,OK
155,Printer F0815,P3.2.655,OK
156,Printer F0815,P3.2.656,OK
157,Printer F0815,P3.2.657,OK
158,Printer F0815,P3.2.658,OK
159,Printer F0815,P3.2.659,OK
160,Printer F0815,P3.2.660,OK
161,Printer F0815,P3.2.661,OK
162,Printer F0815,P3.2.662,OK
163,Printer F0815,P3.2.663,OK
164,Printer F0815,P3.2.664,OK
165,Printer F0815,P3.2.665,OK
166,Printer F0815,P3.2.666,OK
167,Printer F0815,P3.2.667,OK
168,Printer F0815,P3.2.668,OK
169,Printer F0815,P3.2.669,OK
170,Printer F0815,P3.2.670,OK
171,Printer F0815,P3.2.671,OK
172,Printer F0815,P3.2.672,OK
173,Printer F0815,P3.2.673,OK
174,Printer F0815,P3.2.674,OK
175,Printer F0815,P3.2.675,OK
176,Printer F0815,P3.2.676,OK
177,Printer F0815,P3.2.677,OK
178,Printer F0815,P3.2.678,OK
179,Printer F0815,P3.2.679,OK
180,Printer F0815,P3.2.680,OK
181,Printer F0815,P3.2.681,OK
182,Printer F0815,P3.2.682,OK
183,Printer F0815,P3.2.683,OK
184,Printer F0815,P3.2.684,OK
185,Printer F0815,P3.2.685,OK
186,Printer F0815,P3.2.686,OK
187,Printer F0815,P3.2.687,OK
188,Printer F0815,P3.2.688,OK
189,Printer F0815,P3.2.689,OK
190,Printer F0815,P3.2.690,OK
191,Printer F0815,P3.2.691,OK
192,Printer F0815,P3.2.692,OK
193,Printer F0815,P3.2.693,OK
194,Printer F0815,P3.2.694,OK
195,Printer F0815,P3.2.695,OK
196,Printer F0815,P3.2.696,OK
197,Printer F0815,P3.2.697,OK
198,Printer F0815,P3.2.698,OK
199,Printer F0815,P3.2.699,OK
200,Printer F0815,P3.2.700,OK
201,Printer F0815,P3.2.701,OK
202,Printer F0815,P3.2.702,OK
203,Printer F0815,P3.2.703,OK
204,Printer F0815,P3.2.704,OK
205,Printer F0815,P3.2.705,OK
206,Printer F0815,P3.2.706,OK
207,Printer F0815,P3.2.707,OK
208,Printer F0815,P3.2.708,OK
209,Printer F0815,P3.2.709,OK
210,Printer F0815,P3.2.710,OK
211,Printer F0815,P3.2.711,OK
212,Printer F0815,P3.2.712,OK
213,Printer F0815,P3.2.713,OK
214,Printer F0815,P3.2.714,OK
215,Printer F0815,P3.2.715,OK
216,Printer F0815,P3.2.716,OK
217,Printer F0815,P3.2.717,OK
218,Printer F0815,P3.2.718,OK
219,Printer F0815,P3.2.719,OK
220,Printer F0815,P3.2.720,OK
221,Printer F0815,P3.2.721,OK
222,Printer F0815,P3.2.722,OK
223,Printer F0815,P3.2.723,OK
224,Printer F0815,P3.2.724,OK
225,Printer F0815,P3.2.725,OK
226,Printer F0815,P3.2.726,OK
227,Printer F0815,P3.2.727,OK
228,Printer F0815,P3.2.728,OK
229,Printer F0815,P3.2.729,OK
230,Printer F0815,P3.2.730,OK
231,Printer F0815,P3.2.731,OK
232,Printer F0815,P3.2.732,OK
233,Printer F0815,P3.2.733,OK
234,Printer F0815,P3.2.734,OK
235,Printer F0815,P3.2.735,OK
236,Printer F0815,P3.2.736,OK
237,Printer F0815,P3.2.737,OK
238,Printer F0815,P3.2.738,OK
239,Printer F0815,P3.2.739,OK
240,Printer F0815,P3.2.740,OK
241,Printer F0815,P3.2.741,OK
242,Printer F0815,P3.2.742,OK
243,Printer F0815,P3.2.743,OK
244,Printer F0815,P3.2.744,OK
245,Printer F0815,P3.2.745,OK
246,Printer F0815,P3.2.746,OK
247,Printer F0815,P3.2.747,OK
248,Printer F0815,P3.2.748,OK
249,Printer F0815,P3.2.749,OK
250,Printer F0815,P3.2.750,OK
251,Printer F0815,P3.2.751,OK
252,Printer F0815,P3.2.752,OK
253,Printer F0815,P3.2.753,OK
254,Printer F0815,P3.2.754,OK
255,Printer F0815,P3.2.755,OK
256,Printer F0815,P3.2.756,OK
257,Printer F0815,P3.2.757,OK
258,Printer F0815,P3.2.758,OK
259,Printer F0815,P3.2.759,OK
260,Printer F0815,P3.2.760,OK
261,Printer F0815,P3.2.761,OK
262,Printer F0815,P3.2.762,OK
263,Printer F0815,P3.2.763,OK
264,Printer F0815,P3.2.764,OK
265,Printer F0815,P3.2.765,OK
266,Printer F0815,P3.2.766,OK
267,Printer F0815,P3.2.767,OK
268,Printer F0815,P3.2.768,OK
269,Printer F0815,P3.2.769,OK
270,Printer F0815,P3.2.770,OK
271,Printer F0815,P3.2.771,OK
272,Printer F0815,P3.2.772,OK
273,Printer F0815,P3.2.773,OK
274,Printer F0815,P3.2.774,OK
275,Printer F0815,P3.2.775,OK
276,Printer F0815,P3.2.776,OK
277,Printer F0815,P3.2.777,OK
278,Printer F0815,P3.2.778,OK
279,Printer F0815,P3.2.779,OK
280,Printer F0815,P3.2.780,OK
281,Printer F0815,P3.2.781,OK
282,Printer F0815,P3.2.782,OK
283,Printer F0815,P3.2.783,OK
284,Printer F0815,P3.2.784,OK
285,Printer F0815,P3.2.785,OK
286,Printer F0815,P3.2.786,OK
287,Printer F0815,P3.2.787,OK
288,Printer F0815,P3.2.788,OK
289,Printer F0815,P3.2.789,OK
290,Printer F0815,P3.2.790,OK
291,Printer F0815,P3.2.791,OK
292,Printer F0815,P3.2.792,OK
293,Printer F0815,P3.2.793,OK
294,Printer F0815,P3.2.794,OK
295,Printer F0815,P3.2.795,OK
296,Printer F0815,P3.2.796,OK
297,Printer F0815,P3.2.797,OK
298,Printer F0815,P3.2.798,OK
299,Printer F0815,P3.2.799,OK
300,Printer F0815,P3.2.800,OK
301,Printer F0815,P3.2.801,OK
302,Printer F0815,P3.2.802,OK
303,Printer F0815,P3.2.803,OK
304,Printer F0815,P3.2.804,OK
305,Printer F0815,P3.2.805,OK
306,Printer F0815,P3.2.806,OK
307,Printer F0815,P3.2.807,OK
308,Printer F0815,P3.2.808,OK
309,Printer F0815,P3.2.809,OK
310,Printer F0815,P3.2.810,OK
311,Printer F0815,P3.2.811,OK
312,Printer F0815,P3.2.812,OK
313,Printer F0815,P3.2.813,OK
314,Printer F0815,P3.2.814,OK
315,Printer F0815,P3.2.815,OK
316,Printer F0815,P3.2.816,OK
317,Printer F0815,P3.2.817,OK
318,Printer F0815,P3.2.818,OK
319,Printer F0815,P3.2.819,OK
320,Printer F0815,P3.2.820,OK
321,Printer F0815,P3.2.821,OK
322,Printer F0815,P3.2.822,OK
323,Printer F0815,P3.2.823,OK
324,Printer F0815,P3.2.824,OK
325,Printer F0815,P3.2.825,OK
326,Printer F0815,P3.2.826,OK
327,Printer F0815,P3.2.827,OK
328,Printer F0815,P3.2.828,OK
329,Printer F0815,P3.2.829,OK
330,Printer F0815,P3.2.830,OK
331,Printer F0815,P3.2.831,OK
332,Printer F0815,P3.2.832,OK
333,Printer F0815,P3.2.833,OK
334,Printer F0815,P3.2.834,OK
335,Printer F0815,P3.2.835,OK
336,Printer F0815,P3.2.836,OK
337,Printer F0815,P3.2.837,OK
338,Printer F0815,P3.2.838,OK
339,Printer F0815,P3.2.839,OK
340,Printer F0815,P3.2.840,OK
341,Printer F0815,P3.2.841,OK
342,Printer F0815,P3.2.842,OK
343,Printer F0815,P3.2.843,OK
344,Printer F0815,P3.2.844,OK
345,Printer F0815,P3.2.845,OK
346,Printer F0815,P3.2.846,OK
347,Printer F0815,P3.2.847,OK
348,Printer F0815,P3.2.848,OK
349,Printer F0815,P3.2.849,OK
350,Printer F0815,P3.2.850,OK
351,Printer F0815,P3.2.851,OK
352,Printer F0815,P3.2.852,OK
353,Printer F0815,P3.2.853,OK
354,Printer F0815,P3.2.854,OK
355,Printer F0815,P3.2.855,OK
356,Printer F0815,P3.2.856,OK
357,Printer F0815,P3.2.857,OK
358,Printer F0815,P3.2.858,OK
359,Printer F0815,P3.2.859,OK
360,Printer F0815,P3.2.860,OK
361,Printer F0815,P3.2.861,OK
362,Printer F0815,P3.2.862,OK
363,Printer F0815,P3.2.863,OK
364,Printer F0815,P3.2.864,OK
365,Printer F0815,P3.2.865,OK
366,Printer F0815,P3.2.866,OK
367,Printer F0815,P3.2.867,OK
368,Printer F0815,P3.2.868,OK
369,Printer F0815,P3.2.869,OK
370,Printer F0815,P3.2.870,OK
371,Printer F0815,P3.2.871,OK
372,Printer F0815,P3.2.872,OK
373,Printer F0815,P3.2.873,OK
374,Printer F0815,P3.2.874,OK
375,Printer F0815,P3.2.875,OK
376,Printer F0815,P3.2.876,OK
377,Printer F0815,P3.2.877,OK
378,Printer F0815,P3.2.878,OK
379,Printer F0815,P3.2.879,OK
380,Printer F0815,P3.2.880,OK
381,Printer F0815,P3.2.881,OK
382,Printer F0815,P3.2.882,OK
383,Printer F0815,P3.2.883,OK
384,Printer F0815,P3.2.884,OK
385,Printer F0815,P3.2.885,OK
386,Printer F0815,P3.2.886,OK
387,Printer F0815,P3.2.887,OK
388,Printer F0815,P3.2.888,OK
389,Printer F0815,P3.2.889,OK
390,Printer F0815,P3.2.890,OK
391,Printer F0815,P3.2.891,OK
392,Printer F0815,P3.2.892,OK
393,Printer F0815,P3.2.893,OK
394,Printer F0815,P3.2.894,OK
395,Printer F0815,P3.2.895,OK
396,Printer F0815,P3.2.896,OK
397,Printer F0815,P3.2.897,OK
398,Printer F0815,P3.2.898,OK
399,Printer F0815,P3.2.899,OK
400,Printer F0815,P3.2.900,OK
401,Printer F0815,P3.2.901,OK
402,Printer F0815,P3.2.902,OK
403,Printer F0815,P3.2.903,OK
404,Printer F0815,P3.2.904,OK
405,Printer F0815,P3.2.905,OK
406,Printer F0815,P3.2.906,OK
407,Printer F0815,P3.2.907,OK
408,Printer F0815,P3.2.908,OK
409,Printer F0815,P3.2.909,OK
410,Printer F0815,P3.2.910,OK
411,Printer F0815,P3.2.911,OK
412,Printer F0815,P3.2.912,OK
413,Printer F0815,P3.2.913,OK
414,Printer F0815,P3.2.914,OK
415,Printer F0815,P3.2.915,OK
416,Printer F0815,P3.2.916,OK
417,Printer F0815,P3.2.917,OK
418,Printer F0815,P3.2.918,OK
419,Printer F0815,P3.2.919,OK
420,Printer F0815,P3.2.920,OK
421,Printer F0815,P3.2.921,OK
422,Printer F0815,P3.2.922,OK
423,Printer F0815,P3.2.923,OK
424,Printer F0815,P3.2.924,OK
425,Printer F0815,P3.2.925,OK
426,Printer F0815,P3.2.926,OK
427,Printer F0815,P3.2.927,OK
428,Printer F0815,P3.2.928,OK
429,Printer F0815,P3.2.929,OK
430,Printer F0815,P3.2.930,OK
431,Printer F0815,P3.2.931,OK
432,Printer F0815,P3.2.932,OK
433,Printer F0815,P3.2.933,OK
434,Printer F0815,P3.2.934,OK
435,Printer F0815,P3.2.935,OK
436,Printer F0815,P3.2.936,OK
437,Printer F0815,P3.2.937,OK
438,Printer F0815,P3.2.938,OK
439,Printer F0815,P3.2.939,OK
440,Printer F0815,P3.2.940,OK
441,Printer F0815,P3.2.941,OK
442,Printer F0815,P3.2.942,OK
443,Printer F0815,P3.2.943,OK
444,Printer F0815,P3.2.944,OK
445,Printer F0815,P3.2.945,OK
446,Printer F0815,P3.2.946,OK
447,Printer F0815,P3.2.947,OK
448,Printer F0815,P3.2.948,OK
449,Printer F0815,P3.2.949,OK
450,Printer F0815,P3.2.950,OK
451,Printer F0815,P3.2.951,OK
452,Printer F0815,P3.2.952,OK
453,Printer F0815,P3.2.953,OK
454,Printer F0815,P3.2.954,OK
455,Printer F0815,P3.2.955,OK
456,Printer F0815,P3.2.956,OK
457,Printer F0815,P3.2.957,OK
458,Printer F0815,P3.2.958,OK
459,Printer F0815,P3.2.959,OK
460,Printer F0815,P3.2.960,OK
461,Printer F0815,P3.2.961,OK
462,Printer F0815,P3.2.962,OK
463,Printer F0815,P3.2.963,OK
464,Printer F0815,P3.2.964,OK
465,Printer F0815,P3.2.965,OK
466,Printer F0815,P3.2.966,OK
467,Printer F0815,P3.2.967,OK
468,Printer F0815,P3.2.968,OK
469,Printer F0815,P3.2.969,OK
470,Printer F0815,P3.2.970,OK
471,Printer F0815,P3.2.971,OK
472,Printer F0815,P3.2.972,OK
473,Printer F0815,P3.2.973,OK
474,Printer F0815,P3.2.974,OK
475,Printer F0815,P3.2.975,OK
476,Printer F0815,P3.2.976,OK
477,Printer F0815,P3.2.977,OK
478,Printer F0815,P3.2.978,OK
479,Printer F0815,P3.2.979,OK
480,Printer F0815,P3.2.980,OK
481,Printer F0815,P3.2.981,OK
482,Printer F0815,P3.2.982,OK
483,Printer F0815,P3.2.983,OK
484,Printer F0815,P3.2.984,OK
485,Printer F0815,P3.2.985,OK
486,Printer F0815,P3.2.986,OK
487,Printer F0815,P3.2.987,OK
488,Printer F0815,P3.2.988,OK
489,Printer F0815,P3.2.989,OK
490,Printer F0815,P3.2.990,OK
491,Printer F0815,P3.2.991,OK
492,Printer F0815,P3.2.992,OK
493,Printer F0815,P3.2.993,OK
494,Printer F0815,P3.2.994,OK
495,Printer F0815,P3.2.995,OK
496,Printer F0815,P3.2.996,OK
497,Printer F0815,P3.2.997,OK
498,Printer F0815,P3.2.998,OK
499,Printer F0815,P3.2.999,OK
500,Printer F0815,P3.2.1000,OK
501,Printer F0815,P3.2.1001,OK
502,Printer F0815,P3.2.1002,OK
503,Printer F0815,P3.2.1003,OK
504,Printer F0815,P3.2.1004,OK
505,Printer F0815,P3.2.1005,OK
506,Printer F0815,P3.2.1006,OK
507,Printer F0815,P3.2.1007,OK
508,Printer F0815,P3.2.1008,OK
509,Printer F0815,P3.2.1009,OK
510,Printer F0815,P3.2.1010,OK
511,Printer F0815,P3.2.1011,OK
512,Printer F0815,P3.2.1012,OK
513,Printer F0815,P3.2.1013,OK
514,Printer F0815,P3.2.1014,OK
515,Printer F0815,P3.2.1015,OK
516,Printer F0815,P3.2.1016,OK
517,Printer F0815,P3.2.1017,OK
518,Printer F0815,P3.2.1018,OK
519,Printer F0815,P3.2.1019,OK
520,Printer F0815,P3.2.1020,OK
521,Printer F0815,P3.2.1021,OK
522,Printer F0815,P3.2.1022,OK
523,Printer F0815,P3.2.1023,OK
524,Printer F0815,P3.2.1024,OK
525,Printer F0815,P3.2.1025,OK
526,Printer F0815,P3.2.1026,OK
527,Printer F0815,P3.2.1027,OK
528,Printer F0815,P3.2.1028,OK
529,Printer F0815,P3.2.1029,OK
530,Printer F0815,P3.2.1030,OK
531,Printer F0815,P3.2.1031,OK
532,Printer F0815,P3.2.1032,OK
533,Printer F0815,P3.2.1033,OK
534,Printer F0815,P3.2.1034,OK
535,Printer F0815,P3.2.1035,OK
536,Printer F0815,P3.2.1036,OK
537,Printer F0815,P3.2.1037,OK
538,Printer F0815,P3.2.1038,OK
539,Printer F0815,P3.2.1039,OK
540,Printer F0815,P3.2.1040,OK
541,Printer F0815,P3.2.1041,OK
542,Printer F0815,P3.2.1042,OK
543,Printer F0815,P3.2.1043,OK
544,Printer F0815,P3.2.1044,OK
545,Printer F0815,P3.2.1045,OK
546,Printer F0815,P3.2.1046,OK
547,Printer F0815,P3.2.1047,OK
548,Printer F0815,P3.2.1048,OK
549,Printer F0815,P3.2.1049,OK
550,Printer F0815,P3.2.1050,OK
551,Printer F0815,P3.2.1051,OK
552,Printer F0815,P3.2.1052,OK
553,Printer F0815,P3.2.1053,OK
554,Printer F0815,P3.2.1054,OK
555,Printer F0815,P3.2.1055,OK
556,Printer F0815,P3.2.1056,OK
557,Printer F0815,P3.2.1057,OK
558,Printer F0815,P3.2.1058,OK
559,Printer F0815,P3.2.1059,OK
560,Printer F0815,P3.2.1060,OK
561,Printer F0815,P3.2.1061,OK
562,Printer F0815,P3.2.1062,OK
563,Printer F0815,P3.2.1063,OK
564,Printer F0815,P3.2.1064,OK
565,Printer F0815,P3.2.1065,OK
566,Printer F0815,P3.2.1066,OK
567,Printer F0815,P3.2.1067,OK
568,Printer F0815,P3.2.1068,OK
569,Printer F0815,P3.2.1069,OK
570,Printer F0815,P3.2.1070,OK
571,Printer F0815,P3.2.1071,OK
572,Printer F0815,P3.2.1072,OK
573,Printer F0815,P3.2.1073,OK
574,Printer F0815,P3.2.1074,OK
575,Printer F0815,P3.2.1075,OK
576,Printer F0815,P3.2.1076,OK
577,Printer F0815,P3.2.1077,OK
578,Printer F0815,P3.2.1078,OK
579,Printer F0815,P3.2.1079,OK
580,Printer F0815,P3.2.1080,OK
581,Printer F0815,P3.2.1081,OK
582,Printer F0815,P3.2.1082,OK
583,Printer F0815,P3.2.1083,OK
584,Printer F0815,P3.2.1084,OK
585,Printer F0815,P3.2.1085,OK
586,Printer F0815,P3.2.1086,OK
587,Printer F0815,P3.2.1087,OK
588,Printer F0815,P3.2.1088,OK
589,Printer F0815,P3.2.1089,OK
590,Printer F0815,P3.2.1090,OK
591,Printer F0815,P3.2.1091,OK
592,Printer F0815,P3.2.1092,OK
593,Printer F0815,P3.2.1093,OK
594,Printer F0815,P3.2.1094,OK
595,Printer F0815,P3.2.1095,OK
596,Printer F0815,P3.2.1096,OK
597,Printer F0815,P3.2.1097,OK
598,Printer F0815,P3.2.1098,OK
599,Printer F0815,P3.2.1099,OK
600,Printer F0815,P3.2.1100,OK
601,Printer F0815,P3.2.1101,OK
602,Printer F0815,P3.2.1102,OK
603,Printer F0815,P3.2.1103,OK
604,Printer F0815,P3.2.1104,OK
605,Printer F0815,P3.2.1105,OK
606,Printer F0815,P3.2.1106,OK
607,Printer F0815,P3.2.1107,OK
608,Printer F0815,P3.2.1108,OK
609,Printer F0815,P3.2.1109,OK
610,Printer F0815,P3.2.1110,OK
611,Printer F0815,P3.2.1111,OK
612,Printer F0815,P3.2.1112,OK
613,Printer F0815,P3.2.1113,OK
614,Printer F0815,P3.2.1114,OK
615,Printer F0815,P3.2.1115,OK
616,Printer F0815,P3.2.1116,OK
617,Printer F0815,P3.2.1117,OK
618,Printer F0815,P3.2.1118,OK
619,Printer F0815,P3.2.1119,OK
620,Printer F0815,P3.2.1120,OK
621,Printer F0815,P3.2.1121,OK
622,Printer F0815,P3.2.1122,OK
623,Printer F0815,P3.2.1123,OK
624,Printer F0815,P3.2.1124,OK
625,Printer F0815,P3.2.1125,OK
626,Printer F0815,P3.2.1126,OK
627,Printer F0815,P3.2.1127,OK
628,Printer F0815,P3.2.1128,OK
629,Printer F0815,P3.2.1129,OK
630,Printer F0815,P3.2.1130,OK
631,Printer F0815,P3.2.1131,OK
632,Printer F0815,P3.2.1132,OK
633,Printer F0815,P3.2.1133,OK
634,Printer F0815,P3.2.1134,OK
635,Printer F0815,P3.2.1135,OK
636,Printer F0815,P3.2.1136,OK
637,Printer F0815,P3.2.1137,OK
638,Printer F0815,P3.2.1138,OK
639,Printer F0815,P3.2.1139,OK
640,Printer F0815,P3.2.1140,OK
641,Printer F0815,P3.2.1141,OK
642,Printer F0815,P3.2.1142,OK
643,Printer F0815,P3.2.1143,OK
644,Printer F0815,P3.2.1144,OK
645,Printer F0815,P3.2.1145,OK
646,Printer F0815,P3.2.1146,OK
647,Printer F0815,P3.2.1147,OK
648,Printer F0815,P3.2.1148,OK
649,Printer F0815,P3.2.1149,OK
650,Printer F0815,P3.2.1150,OK
651,Printer F0815,P3.2.1151,OK
652,Printer F0815,P3.2.1152,OK
653,Printer F0815,P3.2.1153,OK
654,Printer F0815,P3.2.1154,OK
655,Printer F0815,P3.2.1155,OK
656,Printer F0815,P3.2.1156,OK
657,Printer F0815,P3.2.1157,OK
658,Printer F0815,P3.2.1158,OK
659,Printer F0815,P3.2.1159,OK
660,Printer F0815,P3.2.1160,OK
661,Printer F0815,P3.2.1161,OK
662,Printer F0815,P3.2.1162,OK
663,Printer F0815,P3.2.1163,OK
664,Printer F0815,P3.2.1164,OK
665,Printer F0815,P3.2.1165,OK
666,Printer F0815,P3.2.1166,OK
667,Printer F0815,P3.2.1167,OK
668,Printer F0815,P3.2.1168,OK
669,Printer F0815,P3.2.1169,OK
670,Printer F0815,P3.2.1170,OK
671,Printer F0815,P3.2.1171,OK
672,Printer F0815,P3.2.1172,OK
673,Printer F0815,P3.2.1173,OK
674,Printer F0815,P3.2.1174,OK
675,Printer F0815,P3.2.1175,OK
676,Printer F0815,P3.2.1176,OK
677,Printer F0815,P3.2.1177,OK
678,Printer F0815,P3.2.1178,OK
679,Printer F0815,P3.2.1179,OK
680,Printer F0815,P3.2.1180,OK
681,Printer F0815,P3.2.1181,OK
682,Printer F0815,P3.2.1182,OK
683,Printer F0815,P3.2.1183,OK
684,Printer F0815,P3.2.1184,OK
685,Printer F0815,P3.2.1185,OK
686,Printer F0815,P3.2.1186,OK
687,Printer F0815,P3.2.1187,OK
688,Printer F0815,P3.2.1188,OK
689,Printer F0815,P3.2.1189,OK
690,Printer F0815,P3.2.1190,OK
691,Printer F0815,P3.2.1191,OK
692,Printer F0815,P3.2.1192,OK
693,Printer F0815,P3.2.1193,OK
694,Printer F0815,P3.2.1194,OK
695,Printer F0815,P3.2.1195,OK
696,Printer F0815,P3.2.1196,OK
697,Printer F0815,P3.2.1197,OK
698,Printer F0815,P3.2.1198,OK
699,Printer F0815,P3.2.1199,OK
700,Printer F0815,P3.2.1200,OK
701,Printer F0815,P3.2.1201,OK
702,Printer F0815,P3.2.1202,OK
703,Printer F0815,P3.2.1203,OK
704,Printer F0815,P3.2.1204,OK
705,Printer F0815,P3.2.1205,OK
706,Printer F0815,P3.2.1206,OK
707,Printer F0815,P3.2.1207,OK
708,Printer F0815,P3.2.1208,OK
709,Printer F0815,P3.2.1209,OK
710,Printer F0815,P3.2.1210,OK
711,Printer F0815,P3.2.1211,OK
712,Printer F0815,P3.2.1212,OK
713,Printer F0815,P3.2.1213,OK
714,Printer F0815,P3.2.1214,OK
715,Printer F0815,P3.2.1215,OK
716,Printer F0815,P3.2.1216,OK
717,Printer F0815,P3.2.1217,OK
718,Printer F0815,P3.2.1218,OK
719,Printer F0815,P3.2.1219,OK
720,Printer F0815,P3.2.1220,OK
721,Printer F0815,P3.2.1221,OK
722,Printer F0815,P3.2.1222,OK
723,Printer F0815,P3.2.1223,OK
724,Printer F0815,P3.2.1224,OK
725,Printer F0815,P3.2.1225,OK
726,Printer F0815,P3.2.1226,OK
727,Printer F0815,P3.2.1227,OK
728,Printer F0815,P3.2.1228,OK
729,Printer F0815,P3.2.1229,OK
730,Printer F0815,P3.2.1230,OK
731,Printer F0815,P3.2.1231,OK
732,Printer F0815,P3.2.1232,OK
733,Printer F0815,P3.2.1233,OK
734,Printer F0815,P3.2.1234,OK
735,Printer F0815,P3.2.1235,OK
736,Printer F0815,P3.2.1236,OK
737,Printer F0815,P3.2.1237,OK
738,Printer F0815,P3.2.1238,OK
739,Printer F0815,P3.2.1239,OK
740,Printer F0815,P3.2.1240,OK
741,Printer F0815,P3.2.1241,OK
742,Printer F0815,P3.2.1242,OK
743,Printer F0815,P3.2.1243,OK
744,Printer F0815,P3.2.1244,OK
745,Printer F0815,P3.2.1245,OK
746,Printer F0815,P3.2.1246,OK
747,Printer F0815,P3.2.1247,OK
748,Printer F0815,P3.2.1248,OK
749,Printer F0815,P3.2.1249,OK
750,Printer F0815,P3.2.1250,OK
751,Printer F0815,P3.2.1251,OK
752,Printer F0815,P3.2.1252,OK
753,Printer F0815,P3.2.1253,OK
754,Printer F0815,P3.2.1254,OK
755,Printer F0815,P3.2.1255,OK
756,Printer F0815,P3.2.1256,OK
757,Printer F0815,P3.2.1257,OK
758,Printer F0815,P3.2.1258,OK
759,Printer F0815,P3.2.1259,OK
760,Printer F0815,P3.2.1260,OK
761,Printer F0815,P3.2.1261,OK
762,Printer F0815,P3.2.1262,OK
763,Printer F0815,P3.2.1263,OK
764,Printer F0815,P3.2.1264,OK
765,Printer F0815,P3.2.1265,OK
766,Printer F0815,P3.2.1266,OK
767,Printer F0815,P3.2.1267,OK
768,Printer F0815,P3.2.1268,OK
769,Printer F0815,P3.2.1269,OK
770,Printer F0815,P3.2.1270,OK
771,Printer F0815,P3.2.1271,OK
772,Printer F0815,P3.2.1272,OK
773,Printer F0815,P3.2.1273,OK
774,Printer F0815,P3.2.1274,OK
775,Printer F0815,P3.2.1275,OK
776,Printer F0815,P3.2.1276,OK
777,Printer F0815,P3.2.1277,OK
778,Printer F0815,P3.2.1278,OK
779,Printer F0815,P3.2.1279,OK
780,Printer F0815,P3.2.1280,OK
781,Printer F0815,P3.2.1281,OK
782,Printer F0815,P3.2.1282,OK
783,Printer F0815,P3.2.1283,OK
784,Printer F0815,P3.2.1284,OK
785,Printer F0815,P3.2.1285,OK
786,Printer F0815,P3.2.1286,OK
787,Printer F0815,P3.2.1287,OK
788,Printer F0815,P3.2.1288,OK
789,Printer F0815,P3.2.1289,OK
790,Printer F0815,P3.2.1290,OK
791,Printer F0815,P3.2.1291,OK
792,Printer F0815,P3.2.1292,OK
793,Printer F0815,P3.2.1293,OK
794,Printer F0815,P3.2.1294,OK
795,Printer F0815,P3.2.1295,OK
796,Printer F0815,P3.2.1296,OK
797,Printer F0815,P3.2.1297,OK
798,Printer F0815,P3.2.1298,OK
799,Printer F0815,P3.2.1299,OK
800,Printer F0815,P3.2.1300,OK
801,Printer F0815,P3.2.1301,OK
802,Printer F0815,P3.2.1302,OK
803,Printer F0815,P3.2.1303,OK
804,Printer F0815,P3.2.1304,OK
805,Printer F0815,P3.2.1305,OK
806,Printer F0815,P3.2.1306,OK
807,Printer F0815,P3.2.1307,OK
808,Printer F0815,P3.2.1308,OK
809,Printer F0815,P3.2.1309,OK
810,Printer F0815,P3.2.1310,OK
811,Printer F0815,P3.2.1311,OK
812,Printer F0815,P3.2.1312,OK
813,Printer F0815,P3.2.1313,OK
814,Printer F0815,P3.2.1314,OK
815,Printer F0815,P3.2.1315,OK
816,Printer F0815,P3.2.1316,OK
817,Printer F0815,P3.2.1317,OK
818,Printer F0815,P3.2.1318,OK
819,Printer F0815,P3.2.1319,OK
820,Printer F0815,P3.2.1320,OK
821,Printer F0815,P3.2.1321,OK
822,Printer F0815,P3.2.1322,OK
823,Printer F0815,P3.2.1323,OK
824,Printer F0815,P3.2.1324,OK
825,Printer F0815,P3.2.1325,OK
826,Printer F0815,P3.2.1326,OK
827,Printer F0815,P3.2.1327,OK
828,Printer F0815,P3.2.1328,OK
829,Printer F0815,P3.2.1329,OK
830,Printer F0815,P3.2.1330,OK
831,Printer F0815,P3.2.1331,OK
832,Printer F0815,P3.2.1332,OK
833,Printer F0815,P3.2.1333,OK
834,Printer F0815,P3.2.1334,OK
835,Printer F0815,P3.2.1335,OK
836,Printer F0815,P3.2.1336,OK
837,Printer F0815,P3.2.1337,OK
838,Printer F0815,P3.2.1338,OK
839,Printer F0815,P3.2.1339,OK
840,Printer F0815,P3.2.1340,OK
841,Printer F0815,P3.2.1341,OK
842,Printer F0815,P3.2.1342,OK
843,Printer F0815,P3.2.1343,OK
844,Printer F0815,P3.2.1344,OK
845,Printer F0815,P3.2.1345,OK
846,Printer F0815,P3.2.1346,OK
847,Printer F0815,P3.2.1347,OK
848,Printer F0815,P3.2.1348,OK
849,Printer F0815,P3.2.1349,OK
850,Printer F0815,P3.2.1350,OK
851,Printer F0815,P3.2.1351,OK
852,Printer F0815,P3.2.1352,OK
853,Printer F0815,P3.2.1353,OK
854,Printer F0815,P3.2.1354,OK
855,Printer F0815,P3.2.1355,OK
856,Printer F0815,P3.2.1356,OK
857,Printer F0815,P3.2.1357,OK
858,Printer F0815,P3.2.1358,OK
859,Printer F0815,P3.2.1359,OK
860,Printer F0815,P3.2.1360,OK
861,Printer F0815,P3.2.1361,OK
862,Printer F0815,P3.2.1362,OK
863,Printer F0815,P3.2.1363,OK
864,Printer F0815,P3.2.1364,OK
865,Printer F0815,P3.2.1365,OK
866,Printer F0815,P3.2.1366,OK
867,Printer F0815,P3.2.1367,OK
868,Printer F0815,P3.2.1368,OK
869,Printer F0815,P3.2.1369,OK
870,Printer F0815,P3.2.1370,OK
871,Printer F0815,P3.2.1371,OK
872,Printer F0815,P3.2.1372,OK
873,Printer F0815,P3.2.1373,OK
874,Printer F0815,P3.2.1374,OK
875,Printer F0815,P3.2.1375,OK
876,Printer F0815,P3.2.1376,OK
877,Printer F0815,P3.2.1377,OK
878,Printer F0815,P3.2.1378,OK
879,Printer F0815,P3.2.1379,OK
880,Printer F0815,P3.2.1380,OK
881,Printer F0815,P3.2.1381,OK
882,Printer F0815,P3.2.1382,OK
883,Printer F0815,P3.2.1383,OK
884,Printer F0815,P3.2.1384,OK
885,Printer F0815,P3.2.1385,OK
886,Printer F0815,P3.2.1386,OK
887,Printer F0815,P3.2.1387,OK
888,Printer F0815,P3.2.1388,OK
889,Printer F0815,P3.2.1389,OK
890,Printer F0815,P3.2.1390,OK
891,Printer F0815,P3.2.1391,OK
892,Printer F0815,P3.2.1392,OK
893,Printer F0815,P3.2.1393,OK
894,Printer F0815,P3.2.1394,OK
895,Printer F0815,P3.2.1395,OK
896,Printer F0815,P3.2.1396,OK
897,Printer F0815,P3.2.1397,OK
898,Printer F0815,P3.2.1398,OK
899,Printer F0815,P3.2.1399,OK
900,Printer F0815,P3.2.1400,OK
901,Printer F0815,P3.2.1401,OK
902,Printer F0815,P3.2.1402,OK
903,Printer F0815,P3.2.1403,OK
904,Printer F0815,P3.2.1404,OK
905,Printer F0815,P3.2.1405,OK
906,Printer F0815,P3.2.1406,OK
907,Printer F0815,P3.2.1407,OK
908,Printer F0815,P3.2.1408,OK
909,Printer F0815,P3.2.1409,OK
910,Printer F0815,P3.2.1410,OK
911,Printer F0815,P3.2.1411,OK
912,Printer F0815,P3.2.1412,OK
913,Printer F0815,P3.2.1413,OK
914,Printer F0815,P3.2.1414,OK
915,Printer F0815,P3.2.1415,OK
916,Printer F0815,P3.2.1416,OK
917,Printer F0815,P3.2.1417,OK
918,Printer F0815,P3.2.1418,OK
919,Printer F0815,P3.2.1419,OK
920,Printer F0815,P3.2.1420,OK
921,Printer F0815,P3.2.1421,OK
922,Printer F0815,P3.2.1422,OK
923,Printer F0815,P3.2.1423,OK
924,Printer F0815,P3.2.1424,OK
925,Printer F0815,P3.2.1425,OK
926,Printer F0815,P3.2.1426,OK
927,Printer F0815,P3.2.1427,OK
928,Printer F0815,P3.2.1428,OK
929,Printer F0815,P3.2.1429,OK
930,Printer F0815,P3.2.1430,OK
931,Printer F0815,P3.2.1431,OK
932,Printer F0815,P3.2.1432,OK
933,Printer F0815,P3.2.1433,OK
934,Printer F0815,P3.2.1434,OK
935,Printer F0815,P3.2.1435,OK
936,Printer F0815,P3.2.1436,OK
937,Printer F0815,P3.2.1437,OK
938,Printer F0815,P3.2.1438,OK
939,Printer F0815,P3.2.1439,OK
940,Printer F0815,P3.2.1440,OK
941,Printer F0815,P3.2.1441,OK
942,Printer F0815,P3.2.1442,OK
943,Printer F0815,P3.2.1443,OK
944,Printer F0815,P3.2.1444,OK
945,Printer F0815,P3.2.1445,OK
946,Printer F0815,P3.2.1446,OK
947,Printer F0815,P3.2.1447,OK
948,Printer F0815,P3.2.1448,OK
949,Printer F0815,P3.2.1449,OK
950,Printer F0815,P3.2.1450,OK
951,Printer F0815,P3.2.1451,OK
952,Printer F0815,P3.2.1452,OK
953,Printer F0815,P3.2.1453,OK
954,Printer F0815,P3.2.1454,OK
955,Printer F0815,P3.2.1455,OK
956,Printer F0815,P3.2.1456,OK
957,Printer F0815,P3.2.1457,OK
958,Printer F0815,P3.2.1458,OK
959,Printer F0815,P3.2.1459,OK
960,Printer F0815,P3.2.1460,OK
961,Printer F0815,P3.2.1461,OK
962,Printer F0815,P3.2.1462,OK
963,Printer F0815,P3.2.1463,OK
964,Printer F0815,P3.2.1464,OK
965,Printer F0815,P3.2.1465,OK
966,Printer F0815,P3.2.1466,OK
967,Printer F0815,P3.2.1467,OK
968,Printer F0815,P3.2.1468,OK
969,Printer F0815,P3.2.1469,OK
970,Printer F0815,P3.2.1470,OK
971,Printer F0815,P3.2.1471,OK
972,Printer F0815,P3.2.1472,OK
973,Printer F0815,P3.2.1473,OK
974,Printer F0815,P3.2.1474,OK
975,Printer F0815,P3.2.1475,OK
976,Printer F0815,P3.2.1476,OK
977,Printer F0815,P3.2.1477,OK
978,Printer F0815,P3.2.1478,OK
979,Printer F0815,P3.2.1479,OK
980,Printer F0815,P3.2.1480,OK
981,Printer F0815,P3.2.1481,OK
982,Printer F0815,P3.2.1482,OK
983,Printer F0815,P3.2.1483,OK
984,Printer F0815,P3.2.1484,OK
985,Printer F0815,P3.2.1485,OK
986,Printer F0815,P3.2.1486,OK
987,Printer F0815,P3.2.1487,OK
988,Printer F0815,P3.2.1488,OK
989,Printer F0815,P3.2.1489,OK
990,Printer F0815,P3.2.1490,OK
991,Printer F0815,P3.2.1491,OK
992,Printer F0815,P3.2.1492,OK
993,Printer F0815,P3.2.1493,OK
994,Printer F0815,P3.2.1494,OK
995,Printer F0815,P3.2.1495,OK
996,Printer F0815,P3.2.1496,OK
997,Printer F0815,P3.2.1497,OK
998,Printer F0815,P3.2.1498,OK
999,Printer F0815,P3.2.1499,OK
1000,Printer F0815,P3.2.1500,OK
1001,Printer F0815,P3.2.1501,OK
1002,Printer F0815,P3.2.1502,OK
1003,Printer F0815,P3.2.1503,OK
1004,Printer F0815,P3.2.1504,OK
1005,Printer F0815,P3.2.1505,OK
1006,Printer F0815,P3.2.1506,OK
1007,Printer F0815,P3.2.1507,OK
1008,Printer F0815,P3.2.1508,OK
1009,Printer F0815,P3.2.1509,OK
1010,Printer F0815,P3.2.1510,OK
1011,Printer F0815,P3.2.1511,OK
1012,Printer F0815,P3.2.1512,OK
1013,Printer F0815,P3.2.1513,OK
1014,Printer F0815,P3.2.1514,OK
1015,Printer F0815,P3.2.1515,OK
1016,Printer F0815,P3.2.1516,OK
1017,Printer F0815,P3.2.1517,OK
1018,Printer F0815,P3.2.1518,OK
1019,Printer F0815,P3.2.1519,OK
1020,Printer F0815,P3.2.1520,OK
1021,Printer F0815,P3.2.1521,OK
1022,Printer F0815,P3.2.1522,OK
1023,Printer F0815,P3.2.1523,OK
1024,Printer F0815,P3.2.1524,OK
1025,Printer F0815,P3.2.1525,OK
1026,Printer F0815,P3.2.1526,OK
1027,Printer F0815,P3.2.1527,OK
1028,Printer F0815,P3.2.1528,OK
1029,Printer F0815,P3.2.1529,OK
1030,Printer F0815,P3.2.1530,OK
1031,Printer F0815,P3.2.1531,OK
1032,Printer F0815,P3.2.1532,OK
1033,Printer F0815,P3.2.1533,OK
1034,Printer F0815,P3.2.1534,OK
1035,Printer F0815,P3.2.1535,OK
1036,Printer F0815,P3.2.1536,OK
1037,Printer F0815,P3.2.1537,OK
1038,Printer F0815,P3.2.1538,OK
1039,Printer F0815,P3.2.1539,OK
1040,Printer F0815,P3.2.1540,OK
1041,Printer F0815,P3.2.1541,OK
1042,Printer F0815,P3.2.1542,OK
1043,Printer F0815,P3.2.1543,OK
1044,Printer F0815,P3.2.1544,OK
1045,Printer F0815,P3.2.1545,OK
1046,Printer F0815,P3.2.1546,OK
1047,Printer F0815,P3.2.1547,OK
1048,Printer F0815,P3.2.1548,OK
1049,Printer F0815,P3.2.1549,OK
1050,Printer F0815,P3.2.1550,OK
1051,Printer F0815,P3.2.1551,OK
1052,Printer F0815,P3.2.1552,OK
1053,Printer F0815,P3.2.1553,OK
1054,Printer F0815,P3.2.1554,OK
1055,Printer F0815,P3.2.1555,OK
1056,Printer F0815,P3.2.1556,OK
1057,Printer F0815,P3.2.1557,OK
1058,Printer F0815,P3.2.1558,OK
1059,Printer F0815,P3.2.1559,OK
1060,Printer F0815,P3.2.1560,OK
1061,Printer F0815,P3.2.1561,OK
1062,Printer F0815,P3.2.1562,OK
1063,Printer F0815,P3.2.1563,OK
1064,Printer F0815,P3.2.1564,OK
1065,Printer F0815,P3.2.1565,OK
1066,Printer F0815,P3.2.1566,OK
1067,Printer F0815,P3.2.1567,OK
1068,Printer F0815,P3.2.1568,OK
1069,Printer F0815,P3.2.1569,OK
1070,Printer F0815,P3.2.1570,OK
1071,Printer F0815,P3.2.1571,OK
1072,Printer F0815,P3.2.1572,OK
1073,Printer F0815,P3.2.1573,OK
1074,Printer F0815,P3.2.1574,OK
1075,Printer F0815,P3.2.1575,OK
1076,Printer F0815,P3.2.1576,OK
1077,Printer F0815,P3.2.1577,OK
1078,Printer F0815,P3.2.1578,OK
1079,Printer F0815,P3.2.1579,OK
1080,Printer F0815,P3.2.1580,OK
1081,Printer F0815,P3.2.1581,OK
1082,Printer F0815,P3.2.1582,OK
1083,Printer F0815,P3.2.1583,OK
1084,Printer F0815,P3.2.1584,OK
1085,Printer F0815,P3.2.1585,OK
1086,Printer F0815,P3.2.1586,OK
1087,Printer F0815,P3.2.1587,OK
1088,Printer F0815,P3.2.1588,OK
1089,Printer F0815,P3.2.1589,OK
1090,Printer F0815,P3.2.1590,OK
1091,Printer F0815,P3.2.1591,OK
1092,Printer F0815,P3.2.1592,OK
1093,Printer F0815,P3.2.1593,OK
1094,Printer F0815,P3.2.1594,OK
1095,Printer F0815,P3.2.1595,OK
1096,Printer F0815,P3.2.1596,OK
1097,Printer F0815,P3.2.1597,OK
1098,Printer F0815,P3.2.1598,OK
1099,Printer F0815,P3.2.1599,OK
1100,Printer F0815,P3.2.1600,OK
1101,Printer F0815,P3.2.1601,OK
1102,Printer F0815,P3.2.1602,OK
1103,Printer F0815,P3.2.1603,OK
1104,Printer F0815,P3.2.1604,OK
1105,Printer F0815,P3.2.1605,OK
1106,Printer F0815,P3.2.1606,OK
1107,Printer F0815,P3.2.1607,OK
1108,Printer F0815,P3.2.1608,OK
1109,Printer F0815,P3.2.1609,OK
1110,Printer F0815,P3.2.1610,OK
1111,Printer F0815,P3.2.1611,OK
1112,Printer F0815,P3.2.1612,OK
1113,Printer F0815,P3.2.1613,OK
1114,Printer F0815,P3.2.1614,OK
1115,Printer F0815,P3.2.1615,OK
1116,Printer F0815,P3.2.1616,OK
1117,Printer F0815,P3.2.1617,OK
1118,Printer F0815,P3.2.1618,OK
1119,Printer F0815,P3.2.1619,OK
1120,Printer F0815,P3.2.1620,OK
1121,Printer F0815,P3.2.1621,OK
1122,Printer F0815,P3.2.1622,OK
1123,Printer F0815,P3.2.1623,OK
1124,Printer F0815,P3.2.1624,OK
1125,Printer F0815,P3.2.1625,OK
1126,Printer F0815,P3.2.1626,OK
1127,Printer F0815,P3.2.1627,OK
1128,Printer F0815,P3.2.1628,OK
1129,Printer F0815,P3.2.1629,OK
1130,Printer F0815,P3.2.1630,OK
1131,Printer F0815,P3.2.1631,OK
1132,Printer F0815,P3.2.1632,OK
1133,Printer F0815,P3.2.1633,OK
1134,Printer F0815,P3.2.1634,OK
1135,Printer F0815,P3.2.1635,OK
1136,Printer F0815,P3.2.1636,OK
1137,Printer F0815,P3.2.1637,OK
1138,Printer F0815,P3.2.1638,OK
1139,Printer F0815,P3.2.1639,OK
1140,Printer F0815,P3.2.1640,OK
1141,Printer F0815,P3.2.1641,OK
1142,Printer F0815,P3.2.1642,OK
1143,Printer F0815,P3.2.1643,OK
1144,Printer F0815,P3.2.1644,OK
1145,Printer F0815,P3.2.1645,OK
1146,Printer F0815,P3.2.1646,OK
1147,Printer F0815,P3.2.1647,OK
1148,Printer F0815,P3.2.1648,OK
1149,Printer F0815,P3.2.1649,OK
1150,Printer F0815,P3.2.1650,OK
1151,Printer F0815,P3.2.1651,OK
1152,Printer F0815,P3.2.1652,OK
1153,Printer F0815,P3.2.1653,OK
1154,Printer F0815,P3.2.1654,OK
1155,Printer F0815,P3.2.1655,OK
1156,Printer F0815,P3.2.1656,OK
1157,Printer F0815,P3.2.1657,OK
1158,Printer F0815,P3.2.1658,OK
1159,Printer F0815,P3.2.1659,OK
1160,Printer F0815,P3.2.1660,OK
1161,Printer F0815,P3.2.1661,OK
1162,Printer F0815,P3.2.1662,OK
1163,Printer F0815,P3.2.1663,OK
1164,Printer F0815,P3.2.1664,OK
1165,Printer F0815,P3.2.1665,OK
1166,Printer F0815,P3.2.1666,OK
1167,Printer F0815,P3.2.1667,OK
1168,Printer F0815,P3.2.1668,OK
1169,Printer F0815,P3.2.1669,OK
1170,Printer F0815,P3.2.1670,OK
1171,Printer F0815,P3.2.1671,OK
1172,Printer F0815,P3.2.1672,OK
1173,Printer F0815,P3.2.1673,OK
1174,Printer F0815,P3.2.1674,OK
1175,Printer F0815,P3.2.1675,OK
1176,Printer F0815,P3.2.1676,OK
1177,Printer F0815,P3.2.1677,OK
1178,Printer F0815,P3.2.1678,OK
1179,Printer F0815,P3.2.1679,OK
1180,Printer F0815,P3.2.1680,OK
1181,Printer F0815,P3.2.1681,OK
1182,Printer F0815,P3.2.1682,OK
1183,Printer F0815,P3.2.1683,OK
1184,Printer F0815,P3.2.1684,OK
1185,Printer F0815,P3.2.1685,OK
1186,Printer F0815,P3.2.1686,OK
1187,Printer F0815,P3.2.1687,OK
1188,Printer F0815,P3.2.1688,OK
1189,Printer F0815,P3.2.1689,OK
1190,Printer F0815,P3.2.1690,OK
1191,Printer F0815,P3.2.1691,OK
1192,Printer F0815,P3.2.1692,OK
1193,Printer F0815,P3.2.1693,OK
1194,Printer F0815,P3.2.1694,OK
1195,Printer F0815,P3.2.1695,OK
1196,Printer F0815,P3.2.1696,OK
1197,Printer F0815,P3.2.1697,OK
1198,Printer F0815,P3.2.1698,OK
1199,Printer F0815,P3.2.1699,OK
1200,Printer F0815,P3.2.1700,OK
1201,Printer F0815,P3.2.1701,OK
1202,Printer F0815,P3.2.1702,OK
1203,Printer F0815,P3.2.1703,OK
1204,Printer F0815,P3.2.1704,OK
1205,Printer F0815,P3.2.1705,OK
1206,Printer F0815,P3.2.1706,OK
1207,Printer F0815,P3.2.1707,OK
1208,Printer F0815,P3.2.1708,OK
1209,Printer F0815,P3.2.1709,OK
1210,Printer F0815,P3.2.1710,OK
1211,Printer F0815,P3.2.1711,OK
1212,Printer F0815,P3.2.1712,OK
1213,Printer F0815,P3.2.1713,OK
1214,Printer F0815,P3.2.1714,OK
1215,Printer F0815,P3.2.1715,OK
1216,Printer F0815,P3.2.1716,OK
1217,Printer F0815,P3.2.1717,OK
1218,Printer F0815,P3.2.1718,OK
1219,Printer F0815,P3.2.1719,OK
1220,Printer F0815,P3.2.1720,OK
1221,Printer F0815,P3.2.1721,OK
1222,Printer F0815,P3.2.1722,OK
1223,Printer F0815,P3.2.1723,OK
1224,Printer F0815,P3.2.1724,OK
1225,Printer F0815,P3.2.1725,OK
1226,Printer F0815,P3.2.1726,OK
1227,Printer F0815,P3.2.1727,OK
1228,Printer F0815,P3.2.1728,OK
1229,Printer F0815,P3.2.1729,OK
1230,Printer F0815,P3.2.1730,OK
1231,Printer F0815,P3.2.1731,OK
1232,Printer F0815,P3.2.1732,OK
1233,Printer F0815,P3.2.1733,OK
1234,Printer F0815,P3.2.1734,OK
1235,Printer F0815,P3.2.1735,OK
1236,Printer F0815,P3.2.1736,OK
1237,Printer F0815,P3.2.1737,OK
1238,Printer F0815,P3.2.1738,OK
1239,Printer F0815,P3.2.1739,OK
1240,Printer F0815,P3.2.1740,OK
1241,Printer F0815,P3.2.1741,OK
1242,Printer F0815,P3.2.1742,OK
1243,Printer F0815,P3.2.1743,OK
1244,Printer F0815,P3.2.1744,OK
1245,Printer F0815,P3.2.1745,OK
1246,Printer F0815,P3.2.1746,OK
1247,Printer F0815,P3.2.1747,OK
1248,Printer F0815,P3.2.1748,OK
1249,Printer F0815,P3.2.1749,OK
1250,Printer F0815,P3.2.1750,OK
1251,Printer F0815,P3.2.1751,OK
1252,Printer F0815,P3.2.1752,OK
1253,Printer F0815,P3.2.1753,OK
1254,Printer F0815,P3.2.1754,OK
1255,Printer F0815,P3.2.1755,OK
1256,Printer F0815,P3.2.1756,OK
1257,Printer F0815,P3.2.1757,OK
1258,Printer F0815,P3.2.1758,OK
1259,Printer F0815,P3.2.1759,OK
1260,Printer F0815,P3.2.1760,OK
1261,Printer F0815,P3.2.1761,OK
1262,Printer F0815,P3.2.1762,OK
1263,Printer F0815,P3.2.1763,OK
1264,Printer F0815,P3.2.1764,OK
1265,Printer F0815,P3.2.1765,OK
1266,Printer F0815,P3.2.1766,OK
1267,Printer F0815,P3.2.1767,OK
1268,Printer F0815,P3.2.1768,OK
1269,Printer F0815,P3.2.1769,OK
1270,Printer F0815,P3.2.1770,OK
1271,Printer F0815,P3.2.1771,OK
1272,Printer F0815,P3.2.1772,OK
1273,Printer F0815,P3.2.1773,OK
1274,Printer F0815,P3.2.1774,OK
1275,Printer F0815,P3.2.1775,OK
1276,Printer F0815,P3.2.1776,OK
1277,Printer F0815,P3.2.1777,OK
1278,Printer F0815,P3.2.1778,OK
1279,Printer F0815,P3.2.1779,OK
1280,Printer F0815,P3.2.1780,OK
1281,Printer F0815,P3.2.1781,OK
1282,Printer F0815,P3.2.1782,OK
1283,Printer F0815,P3.2.1783,OK
1284,Printer F0815,P3.2.1784,OK
1285,Printer F0815,P3.2.1785,OK
1286,Printer F0815,P3.2.1786,OK
1287,Printer F0815,P3.2.1787,OK
1288,Printer F0815,P3.2.1788,OK
1289,Printer F0815,P3.2.1789,OK
1290,Printer F0815,P3.2.1790,OK
1291,Printer F0815,P3.2.1791,OK
1292,Printer F0815,P3.2.1792,OK
1293,Printer F0815,P3.2.1793,OK
1294,Printer F0815,P3.2.1794,OK
1295,Printer F0815,P3.2.1795,OK
1296,Printer F0815,P3.2.1796,OK
1297,Printer F0815,P3.2.1797,OK
1298,Printer F0815,P3.2.1798,OK
1299,Printer F0815,P3.2.1799,OK
1300,Printer F0815,P3.2.1800,OK
1301,Printer F0815,P3.2.1801,OK
1302,Printer F0815,P3.2.1802,OK
1303,Printer F0815,P3.2.1803,OK
1304,Printer F0815,P3.2.1804,OK
1305,Printer F0815,P3.2.1805,OK
1306,Printer F0815,P3.2.1806,OK
1307,Printer F0815,P3.2.1807,OK
1308,Printer F0815,P3.2.1808,OK
1309,Printer F0815,P3.2.1809,OK
1310,Printer F0815,P3.2.1810,OK
1311,Printer F0815,P3.2.1811,OK
1312,Printer F0815,P3.2.1812,OK
1313,Printer F0815,P3.2.1813,OK
1314,Printer F0815,P3.2.1814,OK
1315,Printer F0815,P3.2.1815,OK
1316,Printer F0815,P3.2.1816,OK
1317,Printer F0815,P3.2.1817,OK
1318,Printer F0815,P3.2.1818,OK
1319,Printer F0815,P3.2.1819,OK
1320,Printer F0815,P3.2.1820,OK
1321,Printer F0815,P3.2.1821,OK
1322,Printer F0815,P3.2.1822,OK
1323,Printer F0815,P3.2.1823,OK
1324,Printer F0815,P3.2.1824,OK
1325,Printer F0815,P3.2.1825,OK
1326,Printer F0815,P3.2.1826,OK
1327,Printer F0815,P3.2.1827,OK
1328,Printer F0815,P3.2.1828,OK
1329,Printer F0815,P3.2.1829,OK
1330,Printer F0815,P3.2.1830,OK
1331,Printer F0815,P3.2.1831,OK
1332,Printer F0815,P3.2.1832,OK
1333,Printer F0815,P3.2.1833,OK
1334,Printer F0815,P3.2.1834,OK
1335,Printer F0815,P3.2.1835,OK
1336,Printer F0815,P3.2.1836,OK
1337,Printer F0815,P3.2.1837,OK
1338,Printer F0815,P3.2.1838,OK
1339,Printer F0815,P3.2.1839,OK
1340,Printer F0815,P3.2.1840,OK
1341,Printer F0815,P3.2.1841,OK
1342,Printer F0815,P3.2.1842,OK
1343,Printer F0815,P3.2.1843,OK
1344,Printer F0815,P3.2.1844,OK
1345,Printer F0815,P3.2.1845,OK
1346,Printer F0815,P3.2.1846,OK
1347,Printer F0815,P3.2.1847,OK
1348,Printer F0815,P3.2.1848,OK
1349,Printer F0815,P3.2.1849,OK
1350,Printer F0815,P3.2.1850,OK
1351,Printer F0815,P3.2.1851,OK
1352,Printer F0815,P3.2.1852,OK
1353,Printer F0815,P3.2.1853,OK
1354,Printer F0815,P3.2.1854,OK
1355,Printer F0815,P3.2.1855,OK
1356,Printer F0815,P3.2.1856,OK
1357,Printer F0815,P3.2.1857,OK
1358,Printer F0815,P3.2.1858,OK
1359,Printer F0815,P3.2.1859,OK
1360,Printer F0815,P3.2.1860,OK
1361,Printer F0815,P3.2.1861,OK
1362,Printer F0815,P3.2.1862,OK
1363,Printer F0815,P3.2.1863,OK
1364,Printer F0815,P3.2.1864,OK
1365,Printer F0815,P3.2.1865,OK
1366,Printer F0815,P3.2.1866,OK
1367,Printer F0815,P3.2.1867,OK
1368,Printer F0815,P3.2.1868,OK
1369,Printer F0815,P3.2.1869,OK
1370,Printer F0815,P3.2.1870,OK
1371,Printer F0815,P3.2.1871,OK
1372,Printer F0815,P3.2.1872,OK
1373,Printer F0815,P3.2.1873,OK
1374,Printer F0815,P3.2.1874,OK
1375,Printer F0815,P3.2.1875,OK
1376,Printer F0815,P3.2.1876,OK
1377,Printer F0815,P3.2.1877,OK
1378,Printer F0815,P3.2.1878,OK
1379,Printer F0815,P3.2.1879,OK
1380,Printer F0815,P3.2.1880,OK
1381,Printer F0815,P3.2.1881,OK
1382,Printer F0815,P3.2.1882,OK
1383,Printer F0815,P3.2.1883,OK
1384,Printer F0815,P3.2.1884,OK
1385,Printer F0815,P3.2.1885,OK
1386,Printer F0815,P3.2.1886,OK
1387,Printer F0815,P3.2.1887,OK
1388,Printer F0815,P3.2.1888,OK
1389,Printer F0815,P3.2.1889,OK
1390,Printer F0815,P3.2.1890,OK
1391,Printer F0815,P3.2.1891,OK
1392,Printer F0815,P3.2.1892,OK
1393,Printer F0815,P3.2.1893,OK
1394,Printer F0815,P3.2.1894,OK
1395,Printer F0815,P3.2.1895,OK
1396,Printer F0815,P3.2.1896,OK
1397,Printer F0815,P3.2.1897,OK
1398,Printer F0815,P3.2.1898,OK
1399,Printer F0815,P3.2.1899,OK
1400,Printer F0815,P3.2.1900,OK
1401,Printer F0815,P3.2.1901,OK
1402,Printer F0815,P3.2.1902,OK
1403,Printer F0815,P3.2.1903,OK
1404,Printer F0815,P3.2.1904,OK
1405,Printer F0815,P3.2.1905,OK
1406,Printer F0815,P3.2.1906,OK
1407,Printer F0815,P3.2.1907,OK
1408,Printer F0815,P3.2.1908,OK
1409,Printer F0815,P3.2.1909,OK
1410,Printer F0815,P3.2.1910,OK
1411,Printer F0815,P3.2.1911,OK
1412,Printer F0815,P3.2.1912,OK
1413,Printer F0815,P3.2.1913,OK
1414,Printer F0815,P3.2.1914,OK
1415,Printer F0815,P3.2.1915,OK
1416,Printer F0815,P3.2.1916,OK
1417,Printer F0815,P3.2.1917,OK
1418,Printer F0815,P3.2.1918,OK
1419,Printer F0815,P3.2.1919,OK
1420,Printer F0815,P3.2.1920,OK
1421,Printer F0815,P3.2.1921,OK
1422,Printer F0815,P3.2.1922,OK
1423,Printer F0815,P3.2.1923,OK
1424,Printer F0815,P3.2.1924,OK
1425,Printer F0815,P3.2.1925,OK
1426,Printer F0815,P3.2.1926,OK
1427,Printer F0815,P3.2.1927,OK
1428,Printer F0815,P3.2.1928,OK
1429,Printer F0815,P3.2.1929,OK
1430,Printer F0815,P3.2.1930,OK
1431,Printer F0815,P3.2.1931,OK
1432,Printer F0815,P3.2.1932,OK
1433,Printer F0815,P3.2.1933,OK
1434,Printer F0815,P3.2.1934,OK
1435,Printer F0815,P3.2.1935,OK
1436,Printer F0815,P3.2.1936,OK
1437,Printer F0815,P3.2.1937,OK
1438,Printer F0815,P3.2.1938,OK
1439,Printer F0815,P3.2.1939,OK
1440,Printer F0815,P3.2.1940,OK
1441,Printer F0815,P3.2.1941,OK
1442,Printer F0815,P3.2.1942,OK
1443,Printer F0815,P3.2.1943,OK
1444,Printer F0815,P3.2.1944,OK
1445,Printer F0815,P3.2.1945,OK
1446,Printer F0815,P3.2.1946,OK
1447,Printer F0815,P3.2.1947,OK
1448,Printer F0815,P3.2.1948,OK
1449,Printer F0815,P3.2.1949,OK
1450,Printer F0815,P3.2.1950,OK
1451,Printer F0815,P3.2.1951,OK
1452,Printer F0815,P3.2.1952,OK
1453,Printer F0815,P3.2.1953,OK
1454,Printer F0815,P3.2.1954,OK
1455,Printer F0815,P3.2.1955,OK
1456,Printer F0815,P3.2.1956,OK
1457,Printer F0815,P3.2.1957,OK
1458,Printer F0815,P3.2.1958,OK
1459,Printer F0815,P3.2.1959,OK
1460,Printer F0815,P3.2.1960,OK
1461,Printer F0815,P3.2.1961,OK
1462,Printer F0815,P3.2.1962,OK
1463,Printer F0815,P3.2.1963,OK
1464,Printer F0815,P3.2.1964,OK
1465,Printer F0815,P3.2.1965,OK
1466,Printer F0815,P3.2.1966,OK
1467,Printer F0815,P3.2.1967,OK
1468,Printer F0815,P3.2.1968,OK
1469,Printer F0815,P3.2.1969,OK
1470,Printer F0815,P3.2.1970,OK
1471,Printer F0815,P3.2.1971,OK
1472,Printer F0815,P3.2.1972,OK
1473,Printer F0815,P3.2.1973,OK
1474,Printer F0815,P3.2.1974,OK
1475,Printer F0815,P3.2.1975,OK
1476,Printer F0815,P3.2.1976,OK
1477,Printer F0815,P3.2.1977,OK
1478,Printer F0815,P3.2.1978,OK
1479,Printer F0815,P3.2.1979,OK
1480,Printer F0815,P3.2.1980,OK
1481,Printer F0815,P3.2.1981,OK
1482,Printer F0815,P3.2.1982,OK
1483,Printer F0815,P3.2.1983,OK
1484,Printer F0815,P3.2.1984,OK
1485,Printer F0815,P3.2.1985,OK
1486,Printer F0815,P3.2.1986,OK
1487,Printer F0815,P3.2.1987,OK
1488,Printer F0815,P3.2.1988,OK
1489,Printer F0815,P3.2.1989,OK
1490,Printer F0815,P3.2.1990,OK
1491,Printer F0815,P3.2.1991,OK
1492,Printer F0815,P3.2.1992,OK
1493,Printer F0815,P3.2.1993,OK
1494,Printer F0815,P3.2.1994,OK
1495,Printer F0815,P3.2.1995,OK
1496,Printer F0815,P3.2.1996,OK
1497,Printer F0815,P3.2.1997,OK
1498,Printer F0815,P3.2.1998,OK
1499,Printer F0815,P3.2.1999,OK
1500,Printer F0815,P3.2.2000,OK
1501,Printer F0815,P3.2.2001,nOK
1502,Printer F0815,P3.2.2002,OK
1503,Printer F0815,P3.2.2003,nOK
1504,Printer F0815,P3.2.2004,OK
1505,Printer F0815,P3.2.2005,OK
1506,Printer F0815,P3.2.2006,OK
1507,Printer F0815,P3.2.2007,OK
1508,Printer F0815,P3.2.2008,nOK
1509,Printer F0815,P3.2.2009,nOK
1510,Printer F0815,P3.2.2010,OK
1511,Printer F0815,P3.2.2011,nOK
1512,Printer F0815,P3.2.2012,nOK
1513,Printer F0815,P3.2.2013,nOK
1514,Printer F0815,P3.2.2014,OK
1515,Printer F0815,P3.2.2015,OK
1516,Printer F0815,P3.2.2016,OK
1517,Printer F0815,P3.2.2017,nOK
1518,Printer F0815,P3.2.2018,nOK
1519,Printer F0815,P3.2.2019,nOK
1520,Printer F0815,P3.2.2020,nOK
1521,Printer F0815,P3.2.2021,OK
1522,Printer F0815,P3.2.2022,OK
1523,Printer F0815,P3.2.2023,OK
1524,Printer F0815,P3.2.2024,OK
1525,Printer F0815,P3.2.2025,nOK
1526,Printer F0815,P3.2.2026,OK
1527,Printer F0815,P3.2.2027,nOK
1528,Printer F0815,P3.2.2028,OK
1529,Printer F0815,P3.2.2029,nOK
1530,Printer F0815,P3.2.2030,OK
1531,Printer F0815,P3.2.2031,nOK
1532,Printer F0815,P3.2.2032,nOK
1533,Printer F0815,P3.2.2033,OK
1534,Printer F0815,P3.2.2034,nOK
1535,Printer F0815,P3.2.2035,nOK
1536,Printer F0815,P3.2.2036,OK
1537,Printer F0815,P3.2.2037,OK
1538,Printer F0815,P3.2.2038,nOK
1539,Printer F0815,P3.2.2039,nOK
1540,Printer F0815,P3.2.2040,nOK
1541,Printer F0815,P3.2.2041,OK
1542,Printer F0815,P3.2.2042,OK
1543,Printer F0815,P3.2.2043,nOK
1544,Printer F0815,P3.2.2044,nOK
1545,Printer F0815,P3.2.2045,OK
1546,Printer F0815,P3.2.2046,nOK
1547,Printer F0815,P3.2.2047,nOK
1548,Printer F0815,P3.2.2048,OK
1549,Printer F0815,P3.2.2049,nOK
1550,Printer F0815,P3.2.2050,OK
1551,Printer F0815,P3.2.2051,OK
1552,Printer F0815,P3.2.2052,OK
1553,Printer F0815,P3.2.2053,OK
1554,Printer F0815,P3.2.2054,OK
1555,Printer F0815,P3.2.2055,OK
1556,Printer F0815,P3.2.2056,OK
1557,Printer F0815,P3.2.2057,OK
1558,Printer F0815,P3.2.2058,OK
1559,Printer F0815,P3.2.2059,OK
1560,Printer F0815,P3.2.2060,nOK
1561,Printer F0815,P3.2.2061,nOK
1562,Printer F0815,P3.2.2062,nOK
1563,Printer F0815,P3.2.2063,OK
1564,Printer F0815,P3.2.2064,OK
1565,Printer F0815,P3.2.2065,nOK
1566,Printer F0815,P3.2.2066,nOK
1567,Printer F0815,P3.2.2067,nOK
1568,Printer F0815,P3.2.2068,OK
1569,Printer F0815,P3.2.2069,OK
1570,Printer F0815,P3.2.2070,OK
1571,Printer F0815,P3.2.2071,OK
1572,Printer F0815,P3.2.2072,OK
1573,Printer F0815,P3.2.2073,OK
1574,Printer F0815,P3.2.2074,nOK
1575,Printer F0815,P3.2.2075,OK
1576,Printer F0815,P3.2.2076,nOK
1577,Printer F0815,P3.2.2077,nOK
1578,Printer F0815,P3.2.2078,OK
1579,Printer F0815,P3.2.2079,OK
1580,Printer F0815,P3.2.2080,OK
1581,Printer F0815,P3.2.2081,OK
1582,Printer F0815,P3.2.2082,nOK
1583,Printer F0815,P3.2.2083,OK
1584,Printer F0815,P3.2.2084,nOK
1585,Printer F0815,P3.2.2085,nOK
1586,Printer F0815,P3.2.2086,nOK
1587,Printer F0815,P3.2.2087,OK
1588,Printer F0815,P3.2.2088,nOK
1589,Printer F0815,P3.2.2089,OK
1590,Printer F0815,P3.2.2090,OK
1591,Printer F0815,P3.2.2091,nOK
1592,Printer F0815,P3.2.2092,nOK
1593,Printer F0815,P3.2.2093,OK
1594,Printer F0815,P3.2.2094,nOK
1595,Printer F0815,P3.2.2095,nOK
1596,Printer F0815,P3.2.2096,OK
1597,Printer F0815,P3.2.2097,nOK
1598,Printer F0815,P3.2.2098,nOK
1599,Printer F0815,P3.2.2099,nOK
1600,Printer F0815,P3.2.2100,OK
1601,Printer F0815,P3.2.2101,nOK
1602,Printer F0815,P3.2.2102,nOK
1603,Printer F0815,P3.2.2103,nOK
1604,Printer F0815,P3.2.2104,nOK
1605,Printer F0815,P3.2.2105,OK
1606,Printer F0815,P3.2.2106,OK
1607,Printer F0815,P3.2.2107,OK
1608,Printer F0815,P3.2.2108,OK
1609,Printer F0815,P3.2.2109,OK
1610,Printer F0815,P3.2.2110,nOK
1611,Printer F0815,P3.2.2111,OK
1612,Printer F0815,P3.2.2112,nOK
1613,Printer F0815,P3.2.2113,nOK
1614,Printer F0815,P3.2.2114,OK
1615,Printer F0815,P3.2.2115,nOK
1616,Printer F0815,P3.2.2116,nOK
1617,Printer F0815,P3.2.2117,nOK
1618,Printer F0815,P3.2.2118,OK
1619,Printer F0815,P3.2.2119,OK
1620,Printer F0815,P3.2.2120,OK
1621,Printer F0815,P3.2.2121,nOK
1622,Printer F0815,P3.2.2122,nOK
1623,Printer F0815,P3.2.2123,nOK
1624,Printer F0815,P3.2.2124,nOK
1625,Printer F0815,P3.2.2125,nOK
1626,Printer F0815,P3.2.2126,nOK
1627,Printer F0815,P3.2.2127,nOK
1628,Printer F0815,P3.2.2128,nOK
1629,Printer F0815,P3.2.2129,nOK
1630,Printer F0815,P3.2.2130,nOK
1631,Printer F0815,P3.2.2131,nOK
1632,Printer F0815,P3.2.2132,nOK
1633,Printer F0815,P3.2.2133,nOK
1634,Printer F0815,P3.2.2134,nOK
1635,Printer F0815,P3.2.2135,nOK
1636,Printer F0815,P3.2.2136,nOK
1637,Printer F0815,P3.2.2137,nOK
1638,Printer F0815,P3.2.2138,nOK
1639,Printer F0815,P3.2.2139,nOK
1640,Printer F0815,P3.2.2140,nOK
1641,Printer F0815,P3.2.2141,nOK
1642,Printer F0815,P3.2.2142,nOK
1643,Printer F0815,P3.2.2143,nOK
1644,Printer F0815,P3.2.2144,nOK
1645,Printer F0815,P3.2.2145,nOK
1646,Printer F0815,P3.2.2146,nOK
1647,Printer F0815,P3.2.2147,nOK
1648,Printer F0815,P3.2.2148,nOK
1649,Printer F0815,P3.2.2149,nOK
1650,Printer F0815,P3.2.2150,nOK
1651,Printer F0815,P3.2.2151,nOK
1652,Printer F0815,P3.2.2152,nOK
1653,Printer F0815,P3.2.2153,nOK
1654,Printer F0815,P3.2.2154,nOK
1655,Printer F0815,P3.2.2155,nOK
